{
  "ABIRoot": {
    "kind": "Root",
    "name": "TopLevel",
    "printedName": "TopLevel",
    "children": [
      {
        "kind": "Import",
        "name": "UIKit",
        "printedName": "UIKit",
        "declKind": "Import",
        "moduleName": "TestSDK",
        "declAttributes": [
          "RawDocComment"
        ]
      },
      {
        "kind": "Import",
        "name": "CrashReporter",
        "printedName": "CrashReporter",
        "declKind": "Import",
        "moduleName": "TestSDK",
        "declAttributes": [
          "ImplementationOnly"
        ]
      },
      {
        "kind": "TypeDecl",
        "name": "CrashManager",
        "printedName": "CrashManager",
        "children": [
          {
            "kind": "Constructor",
            "name": "init",
            "printedName": "init()",
            "children": [
              {
                "kind": "TypeNominal",
                "name": "CrashManager",
                "printedName": "TestSDK.CrashManager",
                "usr": "s:7TestSDK12CrashManagerC"
              }
            ],
            "declKind": "Constructor",
            "usr": "s:7TestSDK12CrashManagerCACycfc",
            "mangledName": "$s7TestSDK12CrashManagerCACycfc",
            "moduleName": "TestSDK",
            "declAttributes": [
              "AccessControl"
            ],
            "init_kind": "Designated"
          },
          {
            "kind": "Function",
            "name": "PrintCrash",
            "printedName": "PrintCrash()",
            "children": [
              {
                "kind": "TypeNominal",
                "name": "Void",
                "printedName": "()"
              }
            ],
            "declKind": "Func",
            "usr": "s:7TestSDK12CrashManagerC05PrintC0yyF",
            "mangledName": "$s7TestSDK12CrashManagerC05PrintC0yyF",
            "moduleName": "TestSDK",
            "declAttributes": [
              "AccessControl"
            ],
            "funcSelfKind": "NonMutating"
          },
          {
            "kind": "Function",
            "name": "setupCrashReporter",
            "printedName": "setupCrashReporter()",
            "children": [
              {
                "kind": "TypeNominal",
                "name": "Void",
                "printedName": "()"
              }
            ],
            "declKind": "Func",
            "usr": "s:7TestSDK12CrashManagerC05setupC8ReporteryyF",
            "mangledName": "$s7TestSDK12CrashManagerC05setupC8ReporteryyF",
            "moduleName": "TestSDK",
            "declAttributes": [
              "AccessControl"
            ],
            "funcSelfKind": "NonMutating"
          }
        ],
        "declKind": "Class",
        "usr": "s:7TestSDK12CrashManagerC",
        "mangledName": "$s7TestSDK12CrashManagerC",
        "moduleName": "TestSDK",
        "declAttributes": [
          "AccessControl"
        ]
      }
    ],
    "json_format_version": 8
  },
  "ConstValues": [
    {
      "filePath": "\/Users\/abubakar\/Desktop\/TestSDK\/TestSDK\/ViewController.swift",
      "kind": "StringLiteral",
      "offset": 269,
      "length": 13,
      "value": "\"App Crashed\""
    },
    {
      "filePath": "\/Users\/abubakar\/Desktop\/TestSDK\/TestSDK\/ViewController.swift",
      "kind": "Array",
      "offset": 421,
      "length": 2,
      "value": "[]"
    },
    {
      "filePath": "\/Users\/abubakar\/Desktop\/TestSDK\/TestSDK\/ViewController.swift",
      "kind": "StringLiteral",
      "offset": 525,
      "length": 49,
      "value": "\"Could not create an instance of PLCrashReporter\""
    },
    {
      "filePath": "\/Users\/abubakar\/Desktop\/TestSDK\/TestSDK\/ViewController.swift",
      "kind": "StringLiteral",
      "offset": 770,
      "length": 52,
      "value": "\"Warning: Could not enable crash reporter: \""
    },
    {
      "filePath": "\/Users\/abubakar\/Desktop\/TestSDK\/TestSDK\/ViewController.swift",
      "kind": "StringLiteral",
      "offset": 821,
      "length": 2,
      "value": "\"\""
    },
    {
      "filePath": "\/Users\/abubakar\/Desktop\/TestSDK\/TestSDK\/ViewController.swift",
      "kind": "StringLiteral",
      "offset": 1549,
      "length": 45,
      "value": "\"CrashReporter: can't convert report to text\""
    },
    {
      "filePath": "\/Users\/abubakar\/Desktop\/TestSDK\/TestSDK\/ViewController.swift",
      "kind": "StringLiteral",
      "offset": 1658,
      "length": 61,
      "value": "\"CrashReporter failed to load and parse with error: \""
    },
    {
      "filePath": "\/Users\/abubakar\/Desktop\/TestSDK\/TestSDK\/ViewController.swift",
      "kind": "StringLiteral",
      "offset": 1718,
      "length": 2,
      "value": "\"\""
    }
  ]
}